,hazard-category,product-category,hazard,product
0,biological,"meat, egg and dairy products",listeria monocytogenes,ground beef
1,biological,"meat, egg and dairy products",listeria monocytogenes,ground beef
2,biological,prepared dishes and snacks,listeria monocytogenes,ground beef
3,foreign bodies,"meat, egg and dairy products",metal fragment,chocolate products
4,biological,ices and desserts,milk and products thereof,ice cream
5,biological,non-alcoholic beverages,other not classified,coconut juice
6,biological,"meat, egg and dairy products",milk and products thereof,cheese
7,biological,"meat, egg and dairy products",other,other not classified meat products
8,biological,"soups, broths, sauces and condiments",metal fragment,pasta
9,biological,seafood,fish and products thereof,Fishes not identified
10,biological,"meat, egg and dairy products",escherichia coli,ground beef
11,biological,"meat, egg and dairy products",escherichia coli,ground beef
12,biological,ices and desserts,soybeans and products thereof,ice cream
13,biological,ices and desserts,metal fragment,baking mix
14,chemical,fats and oils,polycyclic aromatic hydrocarbons,olive oil
15,biological,cereals and bakery products,soybeans and products thereof,muffins
16,biological,"meat, egg and dairy products",escherichia coli,ground beef
17,biological,alcoholic beverages,packaging defect,beer
18,biological,seafood,crustaceans and products thereof,crabs
19,biological,cereals and bakery products,cereals containing gluten and products thereof,bread
20,biological,"soups, broths, sauces and condiments",listeria monocytogenes,sauces
21,biological,"soups, broths, sauces and condiments",foreign bodies,soup
22,biological,"meat, egg and dairy products",milk and products thereof,cheese
23,biological,"soups, broths, sauces and condiments",cereals containing gluten and products thereof,soup
24,biological,"soups, broths, sauces and condiments",metal fragment,soup
25,biological,"soups, broths, sauces and condiments",cereals containing gluten and products thereof,pasta
26,allergens,cereals and bakery products,soybeans and products thereof,cakes
27,allergens,"meat, egg and dairy products",cereals containing gluten and products thereof,salami
28,allergens,"cocoa and cocoa preparations, coffee and tea",milk and products thereof,food supplement
29,biological,alcoholic beverages,packaging defect,wine
30,biological,"meat, egg and dairy products",foreign bodies,other dairy products
31,biological,prepared dishes and snacks,listeria monocytogenes,ravioli
32,allergens,"meat, egg and dairy products",milk and products thereof,other dairy products
33,biological,"meat, egg and dairy products",processing,chicken breast
34,biological,"meat, egg and dairy products",listeria monocytogenes,cheese
35,biological,"dietetic foods, food supplements, fortified foods",other,baby food
36,allergens,"cocoa and cocoa preparations, coffee and tea",soybeans and products thereof,milk chocolate covered raisins
37,allergens,cereals and bakery products,other,bars
38,allergens,cereals and bakery products,soybeans and products thereof,muffins
39,biological,"dietetic foods, food supplements, fortified foods",other,curry
40,allergens,cereals and bakery products,cereals containing gluten and products thereof,bread
41,biological,"meat, egg and dairy products",escherichia coli,cheese
42,biological,prepared dishes and snacks,nuts,rice crackers
43,biological,"meat, egg and dairy products",metal fragment,turkey and turkey preparations
44,biological,herbs and spices,celery and products thereof,garlic powder
45,biological,seafood,crustaceans and products thereof,prawns
46,fraud,"meat, egg and dairy products",labelling/misdescription,ready to eat - cook meals
47,allergens,ices and desserts,cereals containing gluten and products thereof,ice cream
48,biological,fruits and vegetables,salmonella,sprouts
49,biological,"meat, egg and dairy products",other,lamb
50,biological,"meat, egg and dairy products",metal fragment,precooked cooked beef meat products
51,biological,"meat, egg and dairy products",salmonella,salami
52,chemical,"meat, egg and dairy products",cereals containing gluten and products thereof,dietary supplement
53,biological,non-alcoholic beverages,bacillus spp.,bottled water
54,biological,prepared dishes and snacks,escherichia coli,cheddar cheese
55,other hazard,cereals and bakery products,other,rice
56,biological,non-alcoholic beverages,escherichia coli,bottled water
57,biological,"meat, egg and dairy products",other,beef
58,biological,alcoholic beverages,listeria monocytogenes,wine
59,biological,"meat, egg and dairy products",other not classified,yoghurt
60,foreign bodies,"meat, egg and dairy products",metal fragment,precooked cooked beef meat products
61,foreign bodies,"meat, egg and dairy products",foreign bodies,feta cheese
62,foreign bodies,prepared dishes and snacks,metal fragment,potato chips
63,biological,"nuts, nut products and seeds",salmonella,peanuts
64,biological,"soups, broths, sauces and condiments",mustard and products thereof,sauces
65,biological,ices and desserts,salmonella,ice cream
66,biological,ices and desserts,salmonella,ice cream
67,biological,ices and desserts,salmonella,ice cream
68,biological,ices and desserts,salmonella,ice cream
69,biological,ices and desserts,salmonella,ice cream
70,biological,ices and desserts,salmonella,ice cream
71,biological,ices and desserts,salmonella,ice cream
72,biological,"meat, egg and dairy products",incorrect labeling,sausage
73,biological,ices and desserts,salmonella,ice cream
74,biological,ices and desserts,salmonella,ice cream
75,allergens,cereals and bakery products,cereals containing gluten and products thereof,cakes
76,biological,cereals and bakery products,salmonella,candies
77,biological,"meat, egg and dairy products",listeria monocytogenes,cheddar cheese
78,biological,"meat, egg and dairy products",other,milk
79,allergens,ices and desserts,almond,ice cream
80,foreign bodies,ices and desserts,metal fragment,ice cream
81,fraud,fruits and vegetables,other,apricot kernels
82,allergens,ices and desserts,other,yoghurt
83,biological,"meat, egg and dairy products",listeria monocytogenes,cheese
84,allergens,"soups, broths, sauces and condiments",sesame seeds and products thereof,sesame seeds
85,foreign bodies,confectionery,plastic fragment,jellies
86,biological,prepared dishes and snacks,salmonella,potato chips
87,biological,herbs and spices,sesame seeds and products thereof,sesame seeds
88,biological,prepared dishes and snacks,salmonella,chicken based products
89,biological,"meat, egg and dairy products",salmonella,chicken
90,biological,"meat, egg and dairy products",cereals containing gluten and products thereof,ready to eat - cook meals
91,biological,non-alcoholic beverages,escherichia coli,bottled water
92,biological,"dietetic foods, food supplements, fortified foods",listeria monocytogenes,ground beef
93,foreign bodies,"meat, egg and dairy products",glass fragment,yoghurt
94,fraud,cereals and bakery products,other,bakery products
95,allergens,cereals and bakery products,nuts,cookies
96,allergens,prepared dishes and snacks,milk and products thereof,snacks (various)
97,biological,seafood,unauthorised placing on the market,salmon
98,biological,prepared dishes and snacks,metal fragment,spring rolls
99,foreign bodies,"nuts, nut products and seeds",metal fragment,almonds
100,chemical,fats and oils,other not classified chemical hazards,palm oil
101,allergens,"meat, egg and dairy products",milk and products thereof,sausage
102,biological,ices and desserts,microbiological contamination,ice cream
103,biological,fruits and vegetables,salmonella,alfalfa sprouts
104,foreign bodies,alcoholic beverages,glass fragment,beer
105,fraud,"meat, egg and dairy products",other,milk
106,biological,cereals and bakery products,glass fragment,cookies
107,biological,fruits and vegetables,foreign bodies,algae
108,biological,fruits and vegetables,salmonella,chocolate chips
109,biological,prepared dishes and snacks,listeria monocytogenes,precooked cooked beef meat products
110,biological,prepared dishes and snacks,salmonella,sandwiches
111,allergens,ices and desserts,peanuts and products thereof,ice cream
112,biological,seafood,other,Catfishes (freshwater)
113,biological,"meat, egg and dairy products",listeria monocytogenes,cheese
114,allergens,"meat, egg and dairy products",fish and products thereof,beef
115,biological,"meat, egg and dairy products",listeria monocytogenes,chicken based products
116,fraud,herbs and spices,inspection issues,chilli powder
117,allergens,prepared dishes and snacks,milk and products thereof,wraps
118,allergens,"meat, egg and dairy products",fish and products thereof,sausage
119,foreign bodies,cereals and bakery products,almond,cookies
120,allergens,"meat, egg and dairy products",misbranding,sausage
121,biological,non-alcoholic beverages,microbiological contamination,fruit juice
122,allergens,"cocoa and cocoa preparations, coffee and tea",milk and products thereof,chocolate products
123,allergens,"meat, egg and dairy products",milk and products thereof,other not classified meat products
124,biological,"meat, egg and dairy products",listeria monocytogenes,sausage
125,biological,fruits and vegetables,escherichia coli,salads
126,biological,"meat, egg and dairy products",other,milk
127,biological,"meat, egg and dairy products",milk and products thereof,cheese
128,biological,"meat, egg and dairy products",escherichia coli,other dairy products
129,biological,prepared dishes and snacks,plastic fragment,wraps
130,biological,"nuts, nut products and seeds",salmonella,almonds
131,biological,"meat, egg and dairy products",plastic fragment,ground beef
132,biological,prepared dishes and snacks,salmonella,candies
133,biological,fruits and vegetables,listeria monocytogenes,bean sprouts
134,biological,"nuts, nut products and seeds",cashew,peanuts
135,biological,"nuts, nut products and seeds",salmonella,almonds
136,allergens,prepared dishes and snacks,misbranding,ready to eat - cook meals
137,biological,ices and desserts,salmonella,ice cream
138,biological,"cocoa and cocoa preparations, coffee and tea",salmonella,chocolate bars
139,biological,"meat, egg and dairy products",escherichia coli,ground beef
140,allergens,ices and desserts,milk and products thereof,ice cream
141,biological,fruits and vegetables,salmonella,baby spinach
142,biological,"meat, egg and dairy products",plastic fragment,ground beef
143,biological,prepared dishes and snacks,escherichia coli,ground beef
144,other hazard,prepared dishes and snacks,other,ready to eat - cook meals
145,allergens,"meat, egg and dairy products",fish and products thereof,dried beef meat
146,foreign bodies,prepared dishes and snacks,plastic fragment,pizza
147,fraud,"meat, egg and dairy products",inspection issues,pork sausage
148,foreign bodies,cereals and bakery products,nuts,crackers
149,allergens,"meat, egg and dairy products",milk and products thereof,chicken based products
150,biological,seafood,listeria monocytogenes,salmon
151,allergens,"nuts, nut products and seeds",milk and products thereof,curry
152,biological,"cocoa and cocoa preparations, coffee and tea",plastic fragment,chocolate bars
153,foreign bodies,"meat, egg and dairy products",plastic fragment,chicken
154,biological,"nuts, nut products and seeds",salmonella,walnuts
155,allergens,"soups, broths, sauces and condiments",milk and products thereof,cheese spread
156,biological,"nuts, nut products and seeds",hazelnut,walnuts
157,biological,"nuts, nut products and seeds",salmonella,walnuts
158,biological,"nuts, nut products and seeds",hazelnut,cashew
159,allergens,confectionery,peanuts and products thereof,jellies
160,biological,"nuts, nut products and seeds",salmonella,pistachio nuts
161,biological,"nuts, nut products and seeds",salmonella,pistachio nuts
162,allergens,cereals and bakery products,milk and products thereof,bread
163,biological,"nuts, nut products and seeds",salmonella,pistachio nuts
164,biological,"nuts, nut products and seeds",salmonella,pistachio nuts
165,fraud,cereals and bakery products,salmonella,cookies
166,allergens,"cocoa and cocoa preparations, coffee and tea",milk and products thereof,chocolate
167,biological,prepared dishes and snacks,salmonella,snack mix
168,biological,seafood,crustaceans and products thereof,herring
169,biological,"nuts, nut products and seeds",salmonella,peanuts
170,biological,ices and desserts,salmonella,ice cream
171,biological,"meat, egg and dairy products",listeria monocytogenes,gorgonzola cheese
172,biological,fruits and vegetables,listeria monocytogenes,broccoli
173,biological,"meat, egg and dairy products",escherichia coli,beef products
174,biological,cereals and bakery products,metal fragment,bread
175,biological,herbs and spices,salmonella,garlic powder
176,biological,prepared dishes and snacks,escherichia coli,ground beef
177,biological,"meat, egg and dairy products",soybeans and products thereof,chicken breast
178,biological,alcoholic beverages,glass fragment,spirits
179,allergens,"soups, broths, sauces and condiments",misbranding,soup
180,biological,"meat, egg and dairy products",listeria monocytogenes,ham
181,allergens,"meat, egg and dairy products",milk and products thereof,chicken
182,allergens,ices and desserts,nuts,ice cream
183,biological,confectionery,glass fragment,cookies
184,biological,fruits and vegetables,metal fragment,potato chips
185,biological,herbs and spices,salmonella,coriander
186,allergens,fruits and vegetables,milk and products thereof,snack mix
187,fraud,"meat, egg and dairy products",inspection issues,beef
188,allergens,"meat, egg and dairy products",fish and products thereof,pig meat - pork
189,biological,"meat, egg and dairy products",listeria monocytogenes,chicken based products
190,biological,"dietetic foods, food supplements, fortified foods",listeria monocytogenes,baby food
191,biological,fruits and vegetables,metal fragment,fruit pies
192,biological,"meat, egg and dairy products",listeria monocytogenes,thermal processed pork meat
193,biological,"meat, egg and dairy products",other,ready to eat - cook meals
194,biological,"nuts, nut products and seeds",salmonella,chia seeds
195,biological,"nuts, nut products and seeds",salmonella,chia seeds
196,foreign bodies,non-alcoholic beverages,foreign bodies,bottled water
197,other hazard,"meat, egg and dairy products",other,other types of meat
198,allergens,"meat, egg and dairy products",fish and products thereof,turkey and turkey preparations
199,allergens,cereals and bakery products,soybeans and products thereof,buns
200,allergens,"meat, egg and dairy products",soybeans and products thereof,sausage
201,biological,"meat, egg and dairy products",listeria monocytogenes,thermal processed pork meat
202,allergens,"meat, egg and dairy products",cereals containing gluten and products thereof,pig meat - pork
203,allergens,cereals and bakery products,cereals containing gluten and products thereof,cereal
204,foreign bodies,"meat, egg and dairy products",plastic fragment,beef products
205,biological,cereals and bakery products,fish and products thereof,Fishes not identified
206,allergens,"nuts, nut products and seeds",peanuts and products thereof,almonds
207,biological,"meat, egg and dairy products",escherichia coli,ground beef
208,biological,prepared dishes and snacks,listeria monocytogenes,chicken based products
209,biological,cereals and bakery products,listeria monocytogenes,infant formula
210,biological,"meat, egg and dairy products",cereals containing gluten and products thereof,minced beef
211,biological,"soups, broths, sauces and condiments",listeria monocytogenes,soup
212,biological,"meat, egg and dairy products",listeria monocytogenes,chicken breast
213,organoleptic aspects,"meat, egg and dairy products",spoilage,milk
214,fraud,"meat, egg and dairy products",inspection issues,lamb
215,allergens,prepared dishes and snacks,fish and products thereof,chicken based products
216,foreign bodies,"soups, broths, sauces and condiments",plastic fragment,pasta
217,allergens,"meat, egg and dairy products",fish and products thereof,pig meat - pork
218,foreign bodies,fruits and vegetables,metal fragment,milk chocolate covered raisins
219,organoleptic aspects,"meat, egg and dairy products",spoilage,yoghurt
220,biological,cereals and bakery products,incorrect use by dates,other not classified meat products
221,allergens,"meat, egg and dairy products",cereals containing gluten and products thereof,sausage
222,biological,"meat, egg and dairy products",escherichia coli,ground beef
223,allergens,prepared dishes and snacks,eggs and products thereof,salads
224,biological,alcoholic beverages,foreign bodies,wine
225,foreign bodies,"meat, egg and dairy products",metal fragment,pork sausage
226,biological,ices and desserts,other not classified,ice cream
227,biological,ices and desserts,listeria monocytogenes,ice cream
228,fraud,"meat, egg and dairy products",inspection issues,lamb
229,biological,fruits and vegetables,nuts,golden raisins/sultanas
230,fraud,"meat, egg and dairy products",inspection issues,pig meat - pork
231,foreign bodies,fruits and vegetables,glass fragment,olives
232,fraud,"meat, egg and dairy products",inspection issues,pig meat - pork
233,fraud,"meat, egg and dairy products",inspection issues,chicken
234,biological,"nuts, nut products and seeds",salmonella,melon seeds
235,biological,"soups, broths, sauces and condiments",soybeans and products thereof,sauce
236,biological,fruits and vegetables,listeria monocytogenes,raisins
237,biological,seafood,listeria monocytogenes,herring
238,fraud,"meat, egg and dairy products",inspection issues,thermal processed pork meat
239,allergens,"meat, egg and dairy products",soybeans and products thereof,thermal processed pork meat
240,biological,alcoholic beverages,packaging defect,wine
241,biological,alcoholic beverages,listeria monocytogenes,wine
242,other hazard,prepared dishes and snacks,poor or insufficient controls,sauces
243,other hazard,non-alcoholic beverages,other not classified,sport drink
244,allergens,"cocoa and cocoa preparations, coffee and tea",peanuts and products thereof,chocolate eggs
245,allergens,seafood,almond,salmon
246,foreign bodies,"dietetic foods, food supplements, fortified foods",plastic fragment,baby food
247,other hazard,"soups, broths, sauces and condiments",processing,thermal processed pork meat
248,allergens,"dietetic foods, food supplements, fortified foods",other,protein powder
249,packaging defect,alcoholic beverages,bulging packaging,wine
250,biological,herbs and spices,other,seasoning
251,allergens,"meat, egg and dairy products",fish and products thereof,thermal processed pork meat
252,allergens,"meat, egg and dairy products",milk and products thereof,ready to eat - cook meals
253,allergens,"meat, egg and dairy products",misbranding,sausage
254,chemical,herbs and spices,other,curry
255,biological,"meat, egg and dairy products",listeria monocytogenes,cheese
256,allergens,"meat, egg and dairy products",fish and products thereof,pig meat - pork
257,allergens,fruits and vegetables,milk and products thereof,coconuts
258,packaging defect,alcoholic beverages,bulging packaging,wine
259,foreign bodies,herbs and spices,sulphur dioxide and sulphites,black pepper
260,biological,fruits and vegetables,staphylococcus,mashed chickpeas (hummus)
261,allergens,prepared dishes and snacks,milk and products thereof,sandwiches
262,allergens,herbs and spices,sulphur dioxide and sulphites,spice mix
263,biological,"meat, egg and dairy products",escherichia coli,beef products
264,fraud,"meat, egg and dairy products",inspection issues,beef
265,fraud,"meat, egg and dairy products",misbranding,chicken based products
266,allergens,cereals and bakery products,cereals containing gluten and products thereof,dietary supplement
267,allergens,fruits and vegetables,milk and products thereof,coconuts
268,biological,"meat, egg and dairy products",listeria monocytogenes,beef
269,allergens,"soups, broths, sauces and condiments",eggs and products thereof,dressing
270,allergens,fruits and vegetables,sulphur dioxide and sulphites,sunflower seed
271,biological,"meat, egg and dairy products",escherichia coli,ground beef
272,allergens,"meat, egg and dairy products",fish and products thereof,precooked cooked beef meat products
273,biological,cereals and bakery products,sesame seeds and products thereof,tofu
274,chemical,fats and oils,unauthorised colour sudan 4,palm oil
275,fraud,"meat, egg and dairy products",inspection issues,sprouts
276,fraud,"meat, egg and dairy products",inspection issues,turkey and turkey preparations
277,allergens,non-alcoholic beverages,milk and products thereof,tea
278,allergens,herbs and spices,mustard and products thereof,cumin powder
279,allergens,confectionery,milk and products thereof,cereal bars
280,biological,"meat, egg and dairy products",listeria monocytogenes,other dairy products
281,fraud,"meat, egg and dairy products",inspection issues,ham
282,foreign bodies,"meat, egg and dairy products",bone fragment,chicken based products
283,biological,non-alcoholic beverages,e 425 - konjac unauthorised,coconuts
284,biological,fruits and vegetables,salmonella,salads
285,biological,fruits and vegetables,cyclospora,peanuts
286,other hazard,"meat, egg and dairy products",other,beef
287,biological,"meat, egg and dairy products",listeria monocytogenes,sausage
288,fraud,"meat, egg and dairy products",inspection issues,beef
289,allergens,fruits and vegetables,milk and products thereof,salads
290,biological,cereals and bakery products,salmonella,cookies
291,allergens,"meat, egg and dairy products",milk and products thereof,beef products
292,other hazard,"meat, egg and dairy products",processing,yoghurt
293,allergens,"meat, egg and dairy products",milk and products thereof,other not classified meat products
294,allergens,cereals and bakery products,peanuts and products thereof,cereal bars
295,foreign bodies,"nuts, nut products and seeds",insects,ready to eat - cook meals
296,packaging defect,non-alcoholic beverages,packaging defect,apple juice
297,allergens,"soups, broths, sauces and condiments",mustard and products thereof,ready to eat - cook meals
298,foreign bodies,"meat, egg and dairy products",foreign bodies,thermal processed pork meat
299,foreign bodies,cereals and bakery products,insects,corn
300,biological,fruits and vegetables,salmonella,onions
301,allergens,cereals and bakery products,walnut,pretzels
302,allergens,cereals and bakery products,milk and products thereof,Fishes not identified
303,biological,fruits and vegetables,listeria monocytogenes,salads
304,allergens,"meat, egg and dairy products",incorrect labeling,milk
305,biological,cereals and bakery products,salmonella,cakes
306,biological,"meat, egg and dairy products",listeria monocytogenes,brie cheese
307,allergens,seafood,soybeans and products thereof,herring
308,foreign bodies,cereals and bakery products,metal fragment,corn
309,allergens,herbs and spices,sesame seeds and products thereof,sesame seeds
310,biological,"meat, egg and dairy products",listeria monocytogenes,chicken based products
311,foreign bodies,cereals and bakery products,rubber fragments,bars
312,biological,fruits and vegetables,other,horseradish in jars
313,biological,"cocoa and cocoa preparations, coffee and tea",salmonella,tea
314,allergens,"cocoa and cocoa preparations, coffee and tea",soybeans and products thereof,dark chocolates
315,biological,"nuts, nut products and seeds",other,macadamia nuts
316,allergens,cereals and bakery products,cereals containing gluten and products thereof,cakes
317,allergens,cereals and bakery products,milk and products thereof,cakes
318,biological,"nuts, nut products and seeds",salmonella,pistachio nuts
319,biological,"meat, egg and dairy products",listeria monocytogenes,turkey and turkey preparations
320,allergens,fruits and vegetables,sulphur dioxide and sulphites,potatoes
321,allergens,fruits and vegetables,cereals containing gluten and products thereof,salads
322,allergens,"meat, egg and dairy products",milk and products thereof,thermal processed pork meat
323,allergens,fruits and vegetables,sulphur dioxide and sulphites,milk chocolate covered raisins
324,biological,"soups, broths, sauces and condiments",listeria monocytogenes,soup
325,other hazard,"meat, egg and dairy products",incorrect use by dates,chicken
326,allergens,cereals and bakery products,peanuts and products thereof,cookies
327,allergens,"soups, broths, sauces and condiments",soybeans and products thereof,sauces
328,allergens,cereals and bakery products,milk and products thereof,apple juice
329,biological,"nuts, nut products and seeds",listeria monocytogenes,sunflower seed
330,biological,cereals and bakery products,salmonella,protein bar
331,biological,"meat, egg and dairy products",listeria monocytogenes,other not classified meat products
332,biological,prepared dishes and snacks,listeria monocytogenes,noodles
333,biological,"meat, egg and dairy products",listeria monocytogenes,ready to eat - cook meals
334,biological,fruits and vegetables,salmonella,broccoli
335,biological,fruits and vegetables,listeria monocytogenes,broccoli
336,biological,fruits and vegetables,listeria monocytogenes,broccoli
337,allergens,cereals and bakery products,soybeans and products thereof,cakes
338,biological,"meat, egg and dairy products",listeria monocytogenes,chicken based products
339,biological,prepared dishes and snacks,salmonella,snack mix
340,biological,fruits and vegetables,listeria monocytogenes,corn
341,foreign bodies,"meat, egg and dairy products",plastic fragment,chicken based products
342,biological,cereals and bakery products,salmonella,bars
343,biological,prepared dishes and snacks,listeria monocytogenes,ready to eat - cook meals
344,biological,prepared dishes and snacks,listeria monocytogenes,snack mix
345,allergens,"dietetic foods, food supplements, fortified foods",milk and products thereof,dietary supplement
346,allergens,prepared dishes and snacks,milk and products thereof,burrito (ready to eat)
347,fraud,"meat, egg and dairy products",inspection issues,other not classified meat products
348,biological,"soups, broths, sauces and condiments",salmonella,snack mix
349,biological,"nuts, nut products and seeds",salmonella,sunflower seed
350,allergens,"nuts, nut products and seeds",sesame seeds and products thereof,candies
351,allergens,"nuts, nut products and seeds",sesame seeds and products thereof,protein bar
352,fraud,"meat, egg and dairy products",inspection issues,sausage
353,biological,"meat, egg and dairy products",escherichia coli,beef products
354,biological,prepared dishes and snacks,salmonella,wraps
355,biological,fruits and vegetables,salmonella,pea shoots
356,biological,"nuts, nut products and seeds",sesame seeds and products thereof,corn
357,biological,"nuts, nut products and seeds",salmonella,sunflower seed
358,allergens,"cocoa and cocoa preparations, coffee and tea",milk and products thereof,chocolate
359,fraud,"meat, egg and dairy products",labelling/misdescription,pork sausage
360,allergens,cereals and bakery products,eggs and products thereof,rice
361,biological,"meat, egg and dairy products",listeria monocytogenes,sausage
362,biological,prepared dishes and snacks,escherichia coli,chicken based products
363,biological,"meat, egg and dairy products",metal fragment,chicken
364,allergens,cereals and bakery products,milk and products thereof,pretzel stick
365,fraud,seafood,other,Catfishes (freshwater)
366,allergens,prepared dishes and snacks,crustaceans and products thereof,shrimps
367,biological,fruits and vegetables,other,coconuts
368,biological,"meat, egg and dairy products",listeria monocytogenes,yoghurt
369,foreign bodies,cereals and bakery products,plastic fragment,sausage
370,allergens,ices and desserts,peanuts and products thereof,ice cream
371,chemical,herbs and spices,heavy metals,curry
372,allergens,cereals and bakery products,milk and products thereof,croissants
373,allergens,"meat, egg and dairy products",fish and products thereof,chicken based products
374,foreign bodies,ices and desserts,metal fragment,ice cream
375,allergens,"nuts, nut products and seeds",peanuts and products thereof,almond products
376,foreign bodies,confectionery,pieces of wood,chocolate products
377,biological,cereals and bakery products,metal fragment,ready to eat - cook meals
378,allergens,"meat, egg and dairy products",peanuts and products thereof,cakes
379,biological,ices and desserts,listeria monocytogenes,ice cream
380,foreign bodies,prepared dishes and snacks,plastic fragment,corn
381,packaging defect,alcoholic beverages,bulging packaging,cider
382,allergens,"cocoa and cocoa preparations, coffee and tea",peanuts and products thereof,tea
383,allergens,cereals and bakery products,walnut,brownies
384,foreign bodies,"meat, egg and dairy products",plastic fragment,chicken breast
385,allergens,cereals and bakery products,metal fragment,cookies
386,biological,"meat, egg and dairy products",metal fragment,feta cheese
387,biological,seafood,fish and products thereof,Fishes not identified
388,fraud,"meat, egg and dairy products",inspection issues,beef products
389,allergens,prepared dishes and snacks,eggs and products thereof,Veggie Burger
390,allergens,"meat, egg and dairy products",milk and products thereof,other not classified meat products
391,other hazard,"meat, egg and dairy products",processing,chicken based products
392,biological,"soups, broths, sauces and condiments",listeria monocytogenes,sauces
393,allergens,"meat, egg and dairy products",milk and products thereof,chicken breast
394,biological,"soups, broths, sauces and condiments",listeria monocytogenes,soup
395,biological,fruits and vegetables,salmonella,mashed chickpeas (hummus)
396,biological,seafood,other,herring
397,biological,"meat, egg and dairy products",listeria monocytogenes,cheese
398,other hazard,"meat, egg and dairy products",processing,chicken
399,biological,"nuts, nut products and seeds",hazelnut,peanuts
400,allergens,prepared dishes and snacks,milk and products thereof,ready to eat - cook meals
401,biological,prepared dishes and snacks,salmonella,chocolate chips
402,allergens,cereals and bakery products,milk and products thereof,cookies
403,biological,"nuts, nut products and seeds",salmonella,pistachio nuts
404,biological,seafood,other,Catfishes (freshwater)
405,foreign bodies,prepared dishes and snacks,plastic fragment,potatoes
406,biological,"soups, broths, sauces and condiments",listeria monocytogenes,dressing
407,foreign bodies,cereals and bakery products,plastic fragment,tortilla
408,biological,prepared dishes and snacks,listeria monocytogenes,potato chips
409,biological,"meat, egg and dairy products",incorrect labeling,pig meat - pork
410,biological,"soups, broths, sauces and condiments",salmonella,snack mix
411,fraud,"soups, broths, sauces and condiments",incorrect use by dates,sandwiches
412,allergens,prepared dishes and snacks,soybeans and products thereof,tortilla chips
413,biological,prepared dishes and snacks,other,ready to eat - cook meals
414,biological,fruits and vegetables,listeria monocytogenes,broccoli
415,biological,alcoholic beverages,listeria monocytogenes,cider
416,other hazard,"meat, egg and dairy products",processing,turkey and turkey preparations
417,biological,cereals and bakery products,metal fragment,bread
418,foreign bodies,"nuts, nut products and seeds",salmonella,peanuts
419,allergens,"cocoa and cocoa preparations, coffee and tea",milk and products thereof,chocolate products
420,foreign bodies,confectionery,sesame seeds and products thereof,jellies
421,allergens,"soups, broths, sauces and condiments",misbranding,soup
422,allergens,"soups, broths, sauces and condiments",milk and products thereof,dressing
423,biological,"meat, egg and dairy products",listeria monocytogenes,cheese
424,allergens,fruits and vegetables,milk and products thereof,bars
425,fraud,"cocoa and cocoa preparations, coffee and tea",milk and products thereof,biscuits
426,allergens,"cocoa and cocoa preparations, coffee and tea",eggs and products thereof,chocolate bars
427,biological,fruits and vegetables,sesame seeds and products thereof,salami
428,biological,"meat, egg and dairy products",escherichia coli,precooked cooked beef meat products
429,allergens,cereals and bakery products,milk and products thereof,bakery products
430,biological,"dietetic foods, food supplements, fortified foods",salmonella,broccoli
431,organoleptic aspects,"soups, broths, sauces and condiments",spoilage,soup
432,foreign bodies,"meat, egg and dairy products",plastic fragment,chicken based products
433,fraud,"meat, egg and dairy products",incorrect labeling,frozen beef patties
434,allergens,cereals and bakery products,walnut,cookies
435,foreign bodies,"cocoa and cocoa preparations, coffee and tea",metal fragment,chocolate bars
436,allergens,"cocoa and cocoa preparations, coffee and tea",milk and products thereof,chocolate eggs
437,biological,ices and desserts,listeria monocytogenes,ice cream
438,biological,non-alcoholic beverages,moulds,apple juice
439,fraud,seafood,incorrect use by dates,prawns
440,foreign bodies,"meat, egg and dairy products",plastic fragment,chicken based products
441,allergens,prepared dishes and snacks,milk and products thereof,pizza
442,allergens,herbs and spices,almond,dietary supplement
443,foreign bodies,"meat, egg and dairy products",plastic fragment,beef
444,biological,cereals and bakery products,escherichia coli,flour
445,fraud,"meat, egg and dairy products",misbranding,sausage
446,biological,cereals and bakery products,escherichia coli,flour
447,biological,cereals and bakery products,listeria monocytogenes,cakes
448,foreign bodies,fruits and vegetables,metal fragment,raspberries
449,biological,"meat, egg and dairy products",escherichia coli,beef
450,allergens,"meat, egg and dairy products",fish and products thereof,sausage
451,allergens,"meat, egg and dairy products",soybeans and products thereof,chicken based products
452,allergens,seafood,fish and products thereof,Fishes not identified
453,allergens,seafood,milk and products thereof,Fishes not identified
454,allergens,"cocoa and cocoa preparations, coffee and tea",milk and products thereof,cookies
455,biological,"meat, egg and dairy products",listeria monocytogenes,ham
456,allergens,"dietetic foods, food supplements, fortified foods",peanuts and products thereof,protein bar
457,fraud,cereals and bakery products,misbranding,cakes
458,other hazard,"meat, egg and dairy products",processing,other types of meat
459,organoleptic aspects,"meat, egg and dairy products",spoilage,sausage
460,chemical,"meat, egg and dairy products",chemical compound (unauthorised),veal
461,allergens,"meat, egg and dairy products",fish and products thereof,chicken based products
462,biological,fruits and vegetables,escherichia coli,broccoli
463,foreign bodies,cereals and bakery products,glass fragment,bakery products
464,biological,"meat, egg and dairy products",listeria monocytogenes,pork sausage
465,biological,fruits and vegetables,listeria monocytogenes,raspberries
466,chemical,fruits and vegetables,Aflatoxin,sandwiches
467,allergens,"cocoa and cocoa preparations, coffee and tea",milk and products thereof,chocolate chips
468,allergens,prepared dishes and snacks,milk and products thereof,salads
469,allergens,"dietetic foods, food supplements, fortified foods",cereals containing gluten and products thereof,baby food
470,allergens,"meat, egg and dairy products",soybeans and products thereof,chorizo
471,allergens,"meat, egg and dairy products",misbranding,sausage
472,allergens,"cocoa and cocoa preparations, coffee and tea",milk and products thereof,chocolate
473,allergens,prepared dishes and snacks,fish and products thereof,candies
474,allergens,"nuts, nut products and seeds",cereals containing gluten and products thereof,peanuts
475,foreign bodies,"meat, egg and dairy products",plastic fragment,precooked cooked beef meat products
476,foreign bodies,cereals and bakery products,sesame seeds and products thereof,pastry products
477,allergens,fruits and vegetables,milk and products thereof,dried apricots
478,allergens,cereals and bakery products,nuts,cookies
479,biological,"meat, egg and dairy products",escherichia coli,beef
480,allergens,prepared dishes and snacks,eggs and products thereof,sandwiches
481,biological,seafood,clostridium botulinum,Fishes not identified
482,biological,fruits and vegetables,escherichia coli,broccoli
483,allergens,prepared dishes and snacks,sulphur dioxide and sulphites,snacks (various)
484,biological,seafood,fish and products thereof,tuna
485,biological,"meat, egg and dairy products",listeria monocytogenes,chicken preparations
486,allergens,"nuts, nut products and seeds",milk and products thereof,cashew
487,allergens,prepared dishes and snacks,sulphur dioxide and sulphites,snacks (various)
488,other hazard,"meat, egg and dairy products",foreign bodies,beef products
489,allergens,cereals and bakery products,cereals containing gluten and products thereof,cakes
490,foreign bodies,cereals and bakery products,plastic fragment,protein bar
491,allergens,"meat, egg and dairy products",fish and products thereof,other not classified meat products
492,biological,alcoholic beverages,packaging defect,wine
493,biological,"dietetic foods, food supplements, fortified foods",salmonella,infant formula
494,allergens,seafood,eggs and products thereof,shrimps
495,biological,"meat, egg and dairy products",listeria monocytogenes,blue cheese
496,biological,fruits and vegetables,salmonella,apple juice
497,biological,prepared dishes and snacks,listeria monocytogenes,sandwiches
498,biological,alcoholic beverages,other,wine
499,biological,cereals and bakery products,listeria monocytogenes,biscuits
500,allergens,"cocoa and cocoa preparations, coffee and tea",milk and products thereof,instant coffee
501,biological,herbs and spices,salmonella,sesame seeds
502,biological,"meat, egg and dairy products",listeria monocytogenes,blue cheese
503,chemical,"meat, egg and dairy products",other not classified chemical hazards,milk
504,allergens,ices and desserts,cereals containing gluten and products thereof,desserts
505,foreign bodies,cereals and bakery products,metal fragment,bread
506,allergens,"soups, broths, sauces and condiments",eggs and products thereof,sauces
507,allergens,prepared dishes and snacks,pecan nut,chicken based products
508,allergens,prepared dishes and snacks,fish and products thereof,thermal processed pork meat
509,biological,"meat, egg and dairy products",salmonella,chicken based products
510,allergens,fruits and vegetables,eggs and products thereof,salads
511,allergens,prepared dishes and snacks,nuts,pastry products
512,fraud,"soups, broths, sauces and condiments",incorrect labeling,eggs
513,chemical,herbs and spices,other,seasoning
514,fraud,"meat, egg and dairy products",inspection issues,sausage
515,allergens,"meat, egg and dairy products",sulphur dioxide,sausage
516,biological,"cocoa and cocoa preparations, coffee and tea",other,mitragyna speciosa (kratom)
517,biological,"meat, egg and dairy products",listeria monocytogenes,precooked cooked beef meat products
518,allergens,confectionery,peanuts and products thereof,milk chocolate covered raisins
519,fraud,seafood,incorrect labeling,salmon
520,other hazard,prepared dishes and snacks,improper conditions,other not classified meat products
521,biological,"dietetic foods, food supplements, fortified foods",salmonella,dietary supplement
522,allergens,confectionery,milk and products thereof,candies
523,biological,"meat, egg and dairy products",listeria monocytogenes,ham
524,chemical,"dietetic foods, food supplements, fortified foods",high content of vitamins,dietary supplement
525,allergens,"dietetic foods, food supplements, fortified foods",milk and products thereof,food supplement
526,biological,cereals and bakery products,other,flour
527,foreign bodies,"meat, egg and dairy products",plastic fragment,beef products
528,biological,"meat, egg and dairy products",salmonella,eggs
529,biological,"meat, egg and dairy products",listeria monocytogenes,cheese
530,biological,"meat, egg and dairy products",listeria monocytogenes,precooked cooked beef meat products
531,biological,"meat, egg and dairy products",salmonella,eggs
532,biological,prepared dishes and snacks,listeria monocytogenes,sandwiches
533,biological,"meat, egg and dairy products",escherichia coli,pig meat - pork
534,foreign bodies,"meat, egg and dairy products",rubber fragments,yoghurt
535,biological,"soups, broths, sauces and condiments",mustard and products thereof,dressing
536,allergens,"soups, broths, sauces and condiments",eggs and products thereof,dressing
537,allergens,ices and desserts,nuts,ice cream
538,allergens,"soups, broths, sauces and condiments",milk and products thereof,soup
539,packaging defect,"cocoa and cocoa preparations, coffee and tea",bulging packaging,coffee beans
540,biological,"soups, broths, sauces and condiments",metal fragment,dressing
541,biological,"meat, egg and dairy products",escherichia coli,cheese
542,fraud,prepared dishes and snacks,milk and products thereof,potatoes
543,allergens,cereals and bakery products,peanuts and products thereof,cookies
544,biological,fruits and vegetables,plastic fragment,broccoli
545,biological,pet feed,other,veal
546,foreign bodies,"dietetic foods, food supplements, fortified foods",metal fragment,protein bar
547,biological,cereals and bakery products,salmonella,breakfast cereals
548,fraud,"meat, egg and dairy products",misbranding,sausage
549,biological,fruits and vegetables,cyclospora,broccoli
550,foreign bodies,"soups, broths, sauces and condiments",glass fragment,soy sauce
551,foreign bodies,cereals and bakery products,insects,breakfast cereals
552,allergens,prepared dishes and snacks,milk and products thereof,crackers
553,biological,cereals and bakery products,packaging defect,cakes
554,allergens,"soups, broths, sauces and condiments",mustard and products thereof,olive oil
555,fraud,"meat, egg and dairy products",inspection issues,thermal processed pork meat
556,biological,fruits and vegetables,fish and products thereof,salads
557,biological,prepared dishes and snacks,escherichia coli,salads
558,biological,prepared dishes and snacks,salmonella,sandwiches
559,biological,"meat, egg and dairy products",salmonella,chicken based products
560,biological,"meat, egg and dairy products",other,feed materials
561,biological,prepared dishes and snacks,salmonella,crackers
562,foreign bodies,food additives and flavourings,metal fragment,sugar
563,biological,fruits and vegetables,plastic fragment,fresh vegetables
564,biological,prepared dishes and snacks,metal fragment,candies
565,allergens,ices and desserts,peanuts and products thereof,ice cream
566,biological,"cocoa and cocoa preparations, coffee and tea",other,mitragyna speciosa (kratom)
567,allergens,"meat, egg and dairy products",milk and products thereof,meatloaf
568,foreign bodies,fruits and vegetables,plastic fragment,mushrooms
569,biological,"meat, egg and dairy products",escherichia coli,cheese
570,allergens,confectionery,eggs and products thereof,candies
571,biological,"meat, egg and dairy products",eggs and products thereof,eggs
572,other hazard,non-alcoholic beverages,processing,bottled water
573,fraud,prepared dishes and snacks,inspection issues,ready to eat - cook meals
574,biological,"meat, egg and dairy products",listeria monocytogenes,eggs
575,biological,seafood,salmonella,oysters
576,foreign bodies,"meat, egg and dairy products",plastic fragment,dried beef meat
577,biological,fruits and vegetables,listeria monocytogenes,basil pesto sauce
578,allergens,ices and desserts,milk and products thereof,desserts
579,allergens,confectionery,milk and products thereof,tortilla chips
580,biological,"nuts, nut products and seeds",other,macadamia nuts
581,biological,non-alcoholic beverages,glass fragment,sport drink
582,biological,fruits and vegetables,listeria monocytogenes,coriander
583,foreign bodies,"cocoa and cocoa preparations, coffee and tea",plastic fragment,desserts
584,allergens,"meat, egg and dairy products",mustard and products thereof,ham
585,allergens,cereals and bakery products,milk and products thereof,coconuts
586,biological,prepared dishes and snacks,other,potatoes
587,chemical,herbs and spices,heavy metals,spice mix
588,biological,"nuts, nut products and seeds",salmonella,pistachio nuts
589,foreign bodies,"meat, egg and dairy products",plastic fragment,pig meat - pork
590,allergens,"dietetic foods, food supplements, fortified foods",milk and products thereof,dietary supplement
591,allergens,prepared dishes and snacks,misbranding,burrito (ready to eat)
592,biological,"soups, broths, sauces and condiments",listeria monocytogenes,cheese
593,organoleptic aspects,"meat, egg and dairy products",taste disturbance,other not classified meat products
594,biological,"meat, egg and dairy products",listeria monocytogenes,chicken based products
595,biological,"soups, broths, sauces and condiments",salmonella,cheese spread
596,allergens,"cocoa and cocoa preparations, coffee and tea",milk and products thereof,dark chocolates
597,allergens,"dietetic foods, food supplements, fortified foods",milk and products thereof,eggs
598,foreign bodies,cereals and bakery products,plastic fragment,fruit pies
599,other hazard,fruits and vegetables,processing,corn
600,allergens,"nuts, nut products and seeds",peanuts and products thereof,almonds
601,foreign bodies,confectionery,other not classified,jellies
602,biological,"meat, egg and dairy products",salmonella,turkey and turkey preparations
603,biological,"meat, egg and dairy products",yeasts,potato chips
604,biological,"nuts, nut products and seeds",listeria monocytogenes,sunflower seed
605,foreign bodies,cereals and bakery products,glass fragment,bread
606,biological,alcoholic beverages,glass fragment,beer
607,foreign bodies,"meat, egg and dairy products",other,milk
608,fraud,seafood,inspection issues,Catfishes (freshwater)
609,biological,"meat, egg and dairy products",salmonella,chicken breast
610,biological,cereals and bakery products,salmonella,frozen pizza
611,allergens,cereals and bakery products,walnut,cookies
612,fraud,seafood,inspection issues,Catfishes (freshwater)
613,biological,"meat, egg and dairy products",other,feta cheese
614,allergens,cereals and bakery products,milk and products thereof,pastry products
615,allergens,"dietetic foods, food supplements, fortified foods",peanuts and products thereof,protein bar
616,other hazard,"meat, egg and dairy products",processing,sausage
617,allergens,fruits and vegetables,peanuts and products thereof,brewer's yeast
618,allergens,"cocoa and cocoa preparations, coffee and tea",milk and products thereof,dark chocolates
619,foreign bodies,"soups, broths, sauces and condiments",glass fragment,macadamia nuts
620,allergens,"soups, broths, sauces and condiments",cashew,sauce
621,chemical,fats and oils,pahs,palm oil
622,biological,cereals and bakery products,foreign bodies,breakfast cereals
623,other hazard,non-alcoholic beverages,other,bottled water
624,foreign bodies,fruits and vegetables,metal fragment,broccoli
625,foreign bodies,"meat, egg and dairy products",plastic fragment,sausage
626,allergens,"cocoa and cocoa preparations, coffee and tea",milk and products thereof,chocolate chips
627,fraud,seafood,inspection issues,Catfishes (freshwater)
628,allergens,"cocoa and cocoa preparations, coffee and tea",milk and products thereof,chocolate products
629,allergens,"dietetic foods, food supplements, fortified foods",peanuts and products thereof,beer
630,allergens,confectionery,milk and products thereof,marshmalows
631,foreign bodies,"meat, egg and dairy products",plastic fragment,chicken based products
632,biological,cereals and bakery products,salmonella,cakes
633,biological,"meat, egg and dairy products",eggs and products thereof,eggs
634,allergens,"nuts, nut products and seeds",nuts,snack mix
635,allergens,prepared dishes and snacks,milk and products thereof,potato chips
636,other hazard,"meat, egg and dairy products",other,thermal processed pork meat
637,biological,"meat, egg and dairy products",salmonella,sausage
638,biological,"meat, egg and dairy products",escherichia coli,beef products
639,biological,"meat, egg and dairy products",eggs and products thereof,eggs
640,allergens,"cocoa and cocoa preparations, coffee and tea",milk and products thereof,chocolate bars
641,foreign bodies,cereals and bakery products,plastic fragment,muffins
642,biological,"dietetic foods, food supplements, fortified foods",metal fragment,protein bar
643,biological,"cocoa and cocoa preparations, coffee and tea",salmonella,tea
644,allergens,"cocoa and cocoa preparations, coffee and tea",cereals containing gluten and products thereof,food supplement
645,fraud,"meat, egg and dairy products",misbranding,sausage
646,foreign bodies,"meat, egg and dairy products",bone fragment,turkey and turkey preparations
647,foreign bodies,prepared dishes and snacks,metal fragment,Veggie Burger
648,biological,fruits and vegetables,listeria monocytogenes,pea shoots
649,foreign bodies,"cocoa and cocoa preparations, coffee and tea",metal fragment,jellies
650,biological,"meat, egg and dairy products",eggs and products thereof,turkey and turkey preparations
651,biological,"meat, egg and dairy products",other,eggs
652,biological,fruits and vegetables,salmonella,coconuts
653,foreign bodies,fruits and vegetables,rubber fragments,frozen peas
654,foreign bodies,"meat, egg and dairy products",milk and products thereof,cheese
655,foreign bodies,cereals and bakery products,plastic fragment,bread
656,fraud,cereals and bakery products,incorrect labeling,biscuits
657,fraud,"cocoa and cocoa preparations, coffee and tea",milk and products thereof,milk chocolates
658,biological,prepared dishes and snacks,salmonella,potato chips
659,allergens,"dietetic foods, food supplements, fortified foods",peanuts and products thereof,flavoured whey protein preparations
660,allergens,ices and desserts,peanuts and products thereof,ice cream
661,allergens,"cocoa and cocoa preparations, coffee and tea",almond,milk chocolates
662,allergens,herbs and spices,eggs and products thereof,seasoning
663,organoleptic aspects,cereals and bakery products,other not classified chemical hazards,rice crackers
664,allergens,prepared dishes and snacks,nuts,ready to eat - cook meals
665,organoleptic aspects,cereals and bakery products,foreign bodies,rice crackers
666,biological,seafood,fish and products thereof,Fishes not identified
667,biological,"meat, egg and dairy products",eggs and products thereof,chocolate eggs
668,biological,prepared dishes and snacks,metal fragment,ready to eat - cook meals
669,allergens,ices and desserts,cashew,ice cream
670,allergens,"cocoa and cocoa preparations, coffee and tea",sesame seeds and products thereof,chocolate
671,biological,fruits and vegetables,listeria monocytogenes,fresh vegetables
672,biological,seafood,vibrio spp,oysters
673,allergens,fruits and vegetables,sulphur dioxide and sulphites,milk chocolate covered raisins
674,biological,seafood,other,clams
675,biological,"meat, egg and dairy products",listeria monocytogenes,cheese
676,foreign bodies,cereals and bakery products,plastic fragment,buns
677,allergens,cereals and bakery products,fish and products thereof,Fishes not identified
678,biological,fruits and vegetables,salmonella,fennel seeds
679,allergens,"meat, egg and dairy products",milk and products thereof,beef products
680,allergens,seafood,eggs and products thereof,Fishes not identified
681,allergens,"meat, egg and dairy products",fish and products thereof,other not classified meat products
682,allergens,"cocoa and cocoa preparations, coffee and tea",milk and products thereof,dark chocolates
683,biological,seafood,listeria monocytogenes,Fishes not identified
684,chemical,non-alcoholic beverages,other,bottled water
685,other hazard,"meat, egg and dairy products",processing,chicken
686,foreign bodies,herbs and spices,plastic fragment,dietary supplement
687,allergens,prepared dishes and snacks,milk and products thereof,ready to eat - cook meals
688,biological,confectionery,moulds,cakes
689,biological,"cocoa and cocoa preparations, coffee and tea",listeria monocytogenes,tea
690,biological,"meat, egg and dairy products",listeria monocytogenes,pastry products
691,biological,prepared dishes and snacks,metal fragment,ready to eat - cook meals
692,biological,"meat, egg and dairy products",escherichia coli,veal
693,biological,"meat, egg and dairy products",listeria monocytogenes,sausage
694,biological,"meat, egg and dairy products",escherichia coli,raw beef meat
695,biological,"meat, egg and dairy products",listeria monocytogenes,sandwiches
696,foreign bodies,ices and desserts,foreign bodies,ice cream
697,biological,"meat, egg and dairy products",other,feta cheese
698,biological,"meat, egg and dairy products",escherichia coli,raw beef meat
699,biological,"meat, egg and dairy products",escherichia coli,raw beef meat
700,fraud,"meat, egg and dairy products",incorrect labeling,pork sausage
701,foreign bodies,"meat, egg and dairy products",plastic fragment,chicken based products
702,biological,"meat, egg and dairy products",escherichia coli,raw beef meat
703,allergens,"meat, egg and dairy products",milk and products thereof,chicken based products
704,biological,prepared dishes and snacks,metal fragment,ready to eat - cook meals
705,allergens,"soups, broths, sauces and condiments",peanuts and products thereof,basil pesto sauce
706,biological,"meat, egg and dairy products",cronobacter spp,infant formula
707,foreign bodies,prepared dishes and snacks,plastic fragment,precooked cooked beef meat products
708,biological,"meat, egg and dairy products",escherichia coli,raw beef meat
709,biological,fruits and vegetables,salmonella,mashed chickpeas (hummus)
710,organoleptic aspects,"soups, broths, sauces and condiments",spoilage,cheese spread
711,fraud,"meat, egg and dairy products",misbranding,other not classified meat products
712,biological,fruits and vegetables,sesame seeds and products thereof,salads
713,foreign bodies,"meat, egg and dairy products",plastic fragment,chicken based products
714,biological,"meat, egg and dairy products",escherichia coli,raw beef meat
715,biological,"meat, egg and dairy products",listeria monocytogenes,thermal processed pork meat
716,fraud,seafood,inspection issues,Catfishes (freshwater)
717,allergens,"soups, broths, sauces and condiments",fish and products thereof,soup
718,allergens,"meat, egg and dairy products",milk and products thereof,chicken based products
719,allergens,cereals and bakery products,cereals containing gluten and products thereof,cakes
720,biological,"meat, egg and dairy products",salmonella,ground beef
721,allergens,"meat, egg and dairy products",incorrect labeling,sausage
722,biological,"meat, egg and dairy products",escherichia coli,coriander
723,allergens,cereals and bakery products,pecan nut,granola
724,biological,"meat, egg and dairy products",listeria monocytogenes,eggs
725,allergens,"cocoa and cocoa preparations, coffee and tea",milk and products thereof,chocolate
726,biological,fruits and vegetables,listeria monocytogenes,sausage
727,allergens,"meat, egg and dairy products",eggs and products thereof,eggs
728,biological,"meat, egg and dairy products",eggs and products thereof,eggs
729,biological,prepared dishes and snacks,metal fragment,potato salad
730,allergens,confectionery,peanuts and products thereof,cakes
731,allergens,"cocoa and cocoa preparations, coffee and tea",soybeans and products thereof,raspberries
732,foreign bodies,ices and desserts,plastic fragment,butter
733,chemical,"meat, egg and dairy products",chemical compound (unauthorised),veal
734,other hazard,"soups, broths, sauces and condiments",processing,sauces
735,allergens,confectionery,peanuts and products thereof,chocolate wafers
736,biological,"meat, egg and dairy products",metal fragment,sauces
737,chemical,"meat, egg and dairy products",other not classified chemical hazards,milk
738,allergens,prepared dishes and snacks,milk and products thereof,sandwiches
739,allergens,"soups, broths, sauces and condiments",mustard and products thereof,soup
740,fraud,fruits and vegetables,incorrect labeling,potatoes
741,allergens,"meat, egg and dairy products",fish and products thereof,other not classified meat products
742,biological,"soups, broths, sauces and condiments",cashew,basil pesto sauce
743,biological,fruits and vegetables,listeria monocytogenes,raspberries
744,biological,fruits and vegetables,other,olives
745,allergens,cereals and bakery products,eggs and products thereof,Fishes not identified
746,biological,seafood,other not classified biological hazards,tuna
747,biological,"soups, broths, sauces and condiments",other,basil pesto sauce
748,allergens,"cocoa and cocoa preparations, coffee and tea",nuts,dark chocolates
749,biological,fruits and vegetables,salmonella,bean sprouts
750,allergens,prepared dishes and snacks,milk and products thereof,noodles
751,chemical,seafood,toxin,tuna
752,allergens,fruits and vegetables,misbranding,salads
753,allergens,seafood,cereals containing gluten and products thereof,salmon
754,allergens,confectionery,milk and products thereof,ice cream
755,allergens,prepared dishes and snacks,milk and products thereof,spring rolls
756,allergens,cereals and bakery products,soybeans and products thereof,croissants
757,biological,cereals and bakery products,cereals containing gluten and products thereof,bread
758,allergens,"soups, broths, sauces and condiments",cashew,dip-sauce
759,foreign bodies,prepared dishes and snacks,plastic fragment,ready to eat - cook meals
760,allergens,"nuts, nut products and seeds",peanuts and products thereof,walnuts
761,biological,"meat, egg and dairy products",escherichia coli,salami
762,biological,fruits and vegetables,listeria monocytogenes,fresh mushrooms
763,biological,"meat, egg and dairy products",salmonella,chicken based products
764,packaging defect,"nuts, nut products and seeds",packaging defect,canned corn
765,allergens,cereals and bakery products,milk and products thereof,oats
766,foreign bodies,ices and desserts,metal fragment,ice cream
767,biological,prepared dishes and snacks,escherichia coli,ravioli
768,other hazard,"meat, egg and dairy products",other,lamb
769,fraud,"meat, egg and dairy products",other,other not classified meat products
770,allergens,"soups, broths, sauces and condiments",milk and products thereof,soup
771,allergens,cereals and bakery products,milk and products thereof,other not classified meat products
772,allergens,"soups, broths, sauces and condiments",fish and products thereof,dip-sauce
773,biological,"meat, egg and dairy products",escherichia coli,beef products
774,biological,fruits and vegetables,escherichia coli,dried cranberries
775,allergens,confectionery,milk and products thereof,peanuts
776,biological,seafood,listeria monocytogenes,salmon
777,allergens,"soups, broths, sauces and condiments",soybeans and products thereof,sauces
778,biological,"meat, egg and dairy products",listeria monocytogenes,cheddar cheese
779,allergens,cereals and bakery products,almond,breakfast cereals
780,allergens,cereals and bakery products,eggs and products thereof,pastry products
781,fraud,prepared dishes and snacks,inspection issues,chicken based products
782,biological,fruits and vegetables,salmonella,onions
783,foreign bodies,fruits and vegetables,pistachio nut,kale
784,biological,"meat, egg and dairy products",listeria monocytogenes,sausage
785,biological,fruits and vegetables,salmonella,potatoes
786,allergens,fruits and vegetables,sulphur dioxide,golden raisins/sultanas
787,other hazard,confectionery,other not classified,candies
788,allergens,"soups, broths, sauces and condiments",milk and products thereof,soup
789,allergens,cereals and bakery products,milk and products thereof,rice crackers
790,allergens,cereals and bakery products,soybeans and products thereof,cakes
791,allergens,"meat, egg and dairy products",nuts,sausage
792,allergens,confectionery,other not classified,milk chocolate covered raisins
793,allergens,"dietetic foods, food supplements, fortified foods",soybeans and products thereof,food supplement
794,biological,cereals and bakery products,metal fragment,dumplings
795,other hazard,"meat, egg and dairy products",cereals containing gluten and products thereof,chicken based products
796,allergens,"meat, egg and dairy products",cereals containing gluten and products thereof,ham
797,foreign bodies,cereals and bakery products,glass fragment,corn
798,foreign bodies,cereals and bakery products,glass fragment,corn
799,biological,seafood,listeria monocytogenes,salmon
800,allergens,"meat, egg and dairy products",cereals containing gluten and products thereof,chicken based products
801,organoleptic aspects,"soups, broths, sauces and condiments",spoilage,soup
802,foreign bodies,"meat, egg and dairy products",plastic fragment,ground beef
803,allergens,"meat, egg and dairy products",mustard and products thereof,thermal processed pork meat
804,fraud,food additives and flavourings,undeclared additive,sweeteners
805,biological,fruits and vegetables,salmonella,alfalfa sprouts
806,allergens,prepared dishes and snacks,eggs and products thereof,noodles
807,biological,confectionery,salmonella,jellies
808,foreign bodies,cereals and bakery products,metal fragment,cakes
809,biological,seafood,salmonella,crabs
810,biological,"dietetic foods, food supplements, fortified foods",moulds,olive oil
811,allergens,"meat, egg and dairy products",other,chicken
812,biological,"meat, egg and dairy products",listeria monocytogenes,cheese
813,allergens,cereals and bakery products,cereals containing gluten and products thereof,breakfast cereals
814,fraud,"soups, broths, sauces and condiments",incorrect labeling,chilli powder
815,biological,"meat, egg and dairy products",escherichia coli,cheese
816,biological,alcoholic beverages,other not classified,beer
817,foreign bodies,cereals and bakery products,plastic fragment,breakfast cereals
818,chemical,"dietetic foods, food supplements, fortified foods",other,flavoured whey protein preparations
819,biological,prepared dishes and snacks,moulds,other not classified meat products
820,allergens,fruits and vegetables,sulphur dioxide and sulphites,apple juice
821,allergens,"meat, egg and dairy products",almond,brie cheese
822,chemical,cereals and bakery products,unauthorised substance ethylene oxide,rice cakes
823,chemical,"nuts, nut products and seeds",unauthorised substance ethylene oxide,tahini
824,biological,seafood,listeria monocytogenes,Fishes not identified
825,allergens,cereals and bakery products,milk and products thereof,cookies
826,allergens,fruits and vegetables,sulphur dioxide,dates
827,chemical,fruits and vegetables,heavy metals,mango
828,fraud,"meat, egg and dairy products",inspection issues,other not classified meat products
829,allergens,"nuts, nut products and seeds",peanuts and products thereof,spread
830,allergens,confectionery,milk and products thereof,ice cream
831,allergens,"soups, broths, sauces and condiments",eggs and products thereof,soup
832,foreign bodies,"meat, egg and dairy products",plastic fragment,pork sausage
833,chemical,"meat, egg and dairy products",unauthorised substance ethylene oxide,bread
834,biological,seafood,salmonella,shrimps
835,allergens,cereals and bakery products,soybeans and products thereof,cakes
836,allergens,seafood,eggs and products thereof,Fishes not identified
837,foreign bodies,cereals and bakery products,soybeans and products thereof,rice crackers
838,foreign bodies,fruits and vegetables,glass fragment,onions
839,chemical,seafood,unauthorised substance ethylene oxide,salmon
840,allergens,fruits and vegetables,milk and products thereof,salads
841,organoleptic aspects,"cocoa and cocoa preparations, coffee and tea",taste disturbance,protein bar
842,biological,"meat, egg and dairy products",escherichia coli,ground beef
843,allergens,"soups, broths, sauces and condiments",pistachio nut,pasta
844,packaging defect,fruits and vegetables,packaging defect,olives
845,allergens,"nuts, nut products and seeds",sulphur dioxide and sulphites,protein powder
846,allergens,fruits and vegetables,fish and products thereof,cauliflower
847,fraud,"dietetic foods, food supplements, fortified foods",incorrect labeling,dietary supplement
848,allergens,cereals and bakery products,almond,muesli
849,biological,"cocoa and cocoa preparations, coffee and tea",other,tea
850,allergens,"meat, egg and dairy products",fish and products thereof,other not classified meat products
851,allergens,confectionery,metal fragment,biscuits
852,biological,"meat, egg and dairy products",salmonella,chicken
853,biological,seafood,chemical compound (unauthorised),Fishes not identified
854,allergens,confectionery,misbranding,milk chocolate covered raisins
855,allergens,"cocoa and cocoa preparations, coffee and tea",milk and products thereof,chocolate bars
856,allergens,cereals and bakery products,milk and products thereof,cookies
857,chemical,fruits and vegetables,high content of cyanide,dried apricots
858,fraud,"meat, egg and dairy products",other,beef products
859,allergens,fruits and vegetables,sulphur dioxide,golden raisins/sultanas
860,biological,fruits and vegetables,salmonella,mashed chickpeas (hummus)
861,allergens,cereals and bakery products,hazelnut,cookies
862,biological,seafood,clostridium botulinum,trouts
863,foreign bodies,"meat, egg and dairy products",plastic fragment,chorizo
864,allergens,"dietetic foods, food supplements, fortified foods",milk and products thereof,dietary supplement
865,biological,"meat, egg and dairy products",salmonella,turkey and turkey preparations
866,biological,fruits and vegetables,enteroviruses,dates
867,biological,prepared dishes and snacks,foreign bodies,pizza
868,allergens,"nuts, nut products and seeds",almond,peanuts
869,allergens,"nuts, nut products and seeds",cashew,peanuts
870,biological,cereals and bakery products,moulds,bread
871,biological,"meat, egg and dairy products",salmonella,ready to eat - cook meals
872,biological,cereals and bakery products,incorrect use by dates,cakes
873,allergens,prepared dishes and snacks,milk and products thereof,potato chips
874,allergens,"cocoa and cocoa preparations, coffee and tea",hazelnut,chocolate bars
875,allergens,"nuts, nut products and seeds",almond,peanuts
876,allergens,cereals and bakery products,sesame seeds and products thereof,bread
877,allergens,fruits and vegetables,milk and products thereof,other not classified meat products
878,allergens,prepared dishes and snacks,soybeans and products thereof,snacks (various)
879,biological,prepared dishes and snacks,salmonella,ready to eat - cook meals
880,allergens,"nuts, nut products and seeds",milk and products thereof,corn
881,allergens,prepared dishes and snacks,milk and products thereof,rice crackers
882,biological,fruits and vegetables,salmonella,fresh mushrooms
883,biological,herbs and spices,salmonella,coriander
884,allergens,"nuts, nut products and seeds",cashew,cbd products
885,biological,pet feed,salmonella,pet feed
886,allergens,fruits and vegetables,sulphur dioxide,coriander
887,biological,seafood,salmonella,shrimps
888,allergens,prepared dishes and snacks,cereals containing gluten and products thereof,snacks (various)
889,allergens,ices and desserts,cereals containing gluten and products thereof,ice cream
890,biological,seafood,crustaceans and products thereof,ready to eat - cook meals
891,allergens,fruits and vegetables,sesame seeds and products thereof,mashed chickpeas (hummus)
892,chemical,"meat, egg and dairy products",toxin,cheddar cheese
893,allergens,prepared dishes and snacks,cereals containing gluten and products thereof,pasta
894,other hazard,confectionery,other not classified,jellies
895,biological,"meat, egg and dairy products",listeria monocytogenes,cheese
896,biological,fruits and vegetables,listeria monocytogenes,courgettes
897,biological,herbs and spices,salmonella,seasoning
898,chemical,confectionery,ochratoxin,snack mix
899,allergens,prepared dishes and snacks,milk and products thereof,chocolate chips
900,allergens,seafood,fish and products thereof,herring
901,biological,"meat, egg and dairy products",staphylococcus,other dairy products
902,chemical,"dietetic foods, food supplements, fortified foods",heavy metals,baby food
903,allergens,cereals and bakery products,peanuts and products thereof,cookies
904,biological,fruits and vegetables,listeria monocytogenes,salads
905,biological,cereals and bakery products,salmonella,buns
906,chemical,"dietetic foods, food supplements, fortified foods",unauthorised substance ethylene oxide,dietary supplement
907,chemical,"dietetic foods, food supplements, fortified foods",unauthorised substance ethylene oxide,dietary supplement
908,allergens,cereals and bakery products,walnut,cakes
909,fraud,seafood,incorrect labeling,shrimps
910,foreign bodies,"soups, broths, sauces and condiments",plastic fragment,salt
911,biological,fruits and vegetables,listeria monocytogenes,salads
912,allergens,prepared dishes and snacks,milk and products thereof,ready to eat - cook meals
913,biological,"meat, egg and dairy products",listeria monocytogenes,chicken breast
914,foreign bodies,prepared dishes and snacks,foreign bodies,other not classified meat products
915,chemical,other food product / mixed,too high content of tetrahydrocannabinol (THC),cbd products
916,biological,non-alcoholic beverages,other,dietary supplement
917,chemical,non-alcoholic beverages,other not classified,sport drink
918,foreign bodies,prepared dishes and snacks,plastic fragment,ready to eat - cook meals
919,biological,seafood,listeria monocytogenes,salmon
920,biological,fruits and vegetables,clostridium botulinum,olives
921,foreign bodies,ices and desserts,plastic fragment,ice cream
922,chemical,seafood,unauthorised substance ethylene oxide,algae
923,biological,fruits and vegetables,soybeans and products thereof,sprouts
924,biological,seafood,salmonella,algae
925,chemical,cereals and bakery products,unauthorised substance ethylene oxide,ready to eat - cook meals
926,biological,fruits and vegetables,salmonella,onions
927,foreign bodies,fruits and vegetables,metal fragment,blueberries
928,biological,"dietetic foods, food supplements, fortified foods",pseudomonas spp.,dietary supplement
929,allergens,cereals and bakery products,sesame seeds and products thereof,bread
930,allergens,fruits and vegetables,sulphur dioxide and sulphites,dried apricots
931,chemical,prepared dishes and snacks,unauthorised substance ethylene oxide,noodles
932,biological,"meat, egg and dairy products",metal fragment,feta cheese
933,biological,"dietetic foods, food supplements, fortified foods",foreign bodies,chocolate products
934,allergens,"dietetic foods, food supplements, fortified foods",milk and products thereof,dietary supplement
935,fraud,fruits and vegetables,incorrect labeling,dates
936,foreign bodies,"meat, egg and dairy products",metal fragment,feed materials
937,allergens,"nuts, nut products and seeds",sulphur dioxide and sulphites,walnuts
938,allergens,prepared dishes and snacks,milk and products thereof,ready to eat - cook meals
939,biological,seafood,listeria monocytogenes,Fishes not identified
940,biological,seafood,fish and products thereof,tuna
941,allergens,"cocoa and cocoa preparations, coffee and tea",eggs and products thereof,dark chocolates
942,allergens,cereals and bakery products,sesame seeds and products thereof,corn
943,foreign bodies,cereals and bakery products,insects,rice
944,organoleptic aspects,"nuts, nut products and seeds",bad smell / off odor,cashew
945,biological,confectionery,other not classified,chocolate chips
946,fraud,seafood,inspection issues,Catfishes (freshwater)
947,biological,"meat, egg and dairy products",salmonella,thermal processed pork meat
948,fraud,"meat, egg and dairy products",misbranding,precooked cooked beef meat products
949,biological,fruits and vegetables,listeria monocytogenes,cauliflower
950,allergens,"cocoa and cocoa preparations, coffee and tea",milk and products thereof,dark chocolates
951,foreign bodies,"meat, egg and dairy products",foreign bodies,chicken based products
952,other hazard,fruits and vegetables,processing,broccoli
953,allergens,cereals and bakery products,cereals containing gluten and products thereof,tortilla
954,allergens,"meat, egg and dairy products",eggs and products thereof,yoghurt
955,biological,fruits and vegetables,salmonella,salads
956,biological,fruits and vegetables,listeria monocytogenes,fresh mushrooms
957,biological,fruits and vegetables,salmonella,coriander
958,allergens,fruits and vegetables,sulphur dioxide and sulphites,pâté
959,biological,"meat, egg and dairy products",escherichia coli,halloumi cheese
960,biological,seafood,norovirus,oysters
961,other hazard,confectionery,other not classified,jellies
962,biological,non-alcoholic beverages,milk and products thereof,coconuts
963,biological,cereals and bakery products,metal fragment,cookies
964,biological,seafood,norovirus,oysters
965,biological,"nuts, nut products and seeds",salmonella,poppy
966,biological,confectionery,salmonella,confectionery
967,foreign bodies,fruits and vegetables,foreign bodies,raspberries
968,biological,"nuts, nut products and seeds",salmonella,poppy
969,allergens,prepared dishes and snacks,milk and products thereof,dumplings
970,allergens,"soups, broths, sauces and condiments",cereals containing gluten and products thereof,sauce
971,biological,seafood,virus,shrimps
972,foreign bodies,"meat, egg and dairy products",plastic fragment,thermal processed pork meat
973,organoleptic aspects,"meat, egg and dairy products",rubber fragments,sausage
974,allergens,"soups, broths, sauces and condiments",cashew,dip-sauce
975,biological,"nuts, nut products and seeds",salmonella,peanuts
976,biological,"dietetic foods, food supplements, fortified foods",listeria monocytogenes,food supplement
977,biological,"nuts, nut products and seeds",salmonella,peanuts
978,allergens,ices and desserts,misbranding,ice cream
979,allergens,confectionery,peanuts and products thereof,dried apricots
980,biological,"nuts, nut products and seeds",salmonella,peanuts
981,allergens,fruits and vegetables,cereals containing gluten and products thereof,salads
982,biological,seafood,norovirus,prawns
983,biological,"meat, egg and dairy products",salmonella,infant formula
984,biological,ices and desserts,norovirus,ice cream
985,biological,prepared dishes and snacks,milk and products thereof,cookies
986,biological,"soups, broths, sauces and condiments",metal fragment,pasta
987,fraud,"meat, egg and dairy products",inspection issues,thermal processed pork meat
988,chemical,honey and royal jelly,chemical compound (unauthorised),honey
989,biological,herbs and spices,metal fragment,curry
990,allergens,"cocoa and cocoa preparations, coffee and tea",cereals containing gluten and products thereof,milk chocolates
991,allergens,"cocoa and cocoa preparations, coffee and tea",milk and products thereof,chocolate products
992,allergens,"meat, egg and dairy products",pecan nut,chicken based products
993,biological,"nuts, nut products and seeds",salmonella,sunflower seed
994,biological,seafood,fish and products thereof,Fishes not identified
995,chemical,confectionery,undeclared additive,tortilla chips
996,allergens,"cocoa and cocoa preparations, coffee and tea",milk and products thereof,chocolate bars
